id,author,is_submitter,score,ups,downs,created_utc,permalink,parent_id,link_id,depth,subreddit_name_prefixed,body
kz8qkky,traveling_millenial,False,49,49,0,1712933954.0,/r/Hunting/comments/1c2a0xd/the_beginning_of_the_end/kz8qkky/,t3_1c2a0xd,t3_1c2a0xd,0,r/Hunting,"As the middle class continues to die, all hobbies will become more pay to play."
kz8sb9e,Mediocre-Guarantee91,True,11,11,0,1712934547.0,/r/Hunting/comments/1c2a0xd/the_beginning_of_the_end/kz8sb9e/,t1_kz8qkky,t3_1c2a0xd,1,r/Hunting,"It’s kind of like that now.   When I was out west, I had to pay a trespass fee just across private ground to get onto public ground."
kz8zvdh,traveling_millenial,False,6,6,0,1712937074.0,/r/Hunting/comments/1c2a0xd/the_beginning_of_the_end/kz8zvdh/,t1_kz8sb9e,t3_1c2a0xd,2,r/Hunting,Edit: yeah it’s a shame what it’s becoming
kz8vkjw,Affectionate_Elk_272,False,17,17,0,1712935640.0,/r/Hunting/comments/1c2a0xd/the_beginning_of_the_end/kz8vkjw/,t3_1c2a0xd,t3_1c2a0xd,0,r/Hunting,"my god i just looked at the site and it’s insane!!

cheapest hunt i saw was $750/person for 3 days. that’s madness."
kz8ydbq,1fuckedupveteran,False,15,15,0,1712936578.0,/r/Hunting/comments/1c2a0xd/the_beginning_of_the_end/kz8ydbq/,t1_kz8vkjw,t3_1c2a0xd,1,r/Hunting,Nothing near me so I looked statewide. The cheapest “hunt” is $99/day/person for a squirrel hunt.
kz8wpgx,Mediocre-Guarantee91,True,7,7,0,1712936021.0,/r/Hunting/comments/1c2a0xd/the_beginning_of_the_end/kz8wpgx/,t1_kz8vkjw,t3_1c2a0xd,1,r/Hunting,"I’m assuming you’re looking for large animal, but you can get on turkey hunts very reasonably as well."
kz8x4za,Affectionate_Elk_272,False,4,4,0,1712936166.0,/r/Hunting/comments/1c2a0xd/the_beginning_of_the_end/kz8x4za/,t1_kz8wpgx,t3_1c2a0xd,2,r/Hunting,i just randomly typed in “florida” and shit from all over the country popped up.
kz8wmr4,Mediocre-Guarantee91,True,5,5,0,1712935996.0,/r/Hunting/comments/1c2a0xd/the_beginning_of_the_end/kz8wmr4/,t1_kz8vkjw,t3_1c2a0xd,1,r/Hunting,What exactly were you looking at?  I’m looking at pheasant hunts in Iowa for $100.
kz8xdmz,1fuckedupveteran,False,6,6,0,1712936247.0,/r/Hunting/comments/1c2a0xd/the_beginning_of_the_end/kz8xdmz/,t1_kz8wmr4,t3_1c2a0xd,2,r/Hunting,There’s a pheasant farm by one of my rental houses. I can get a lot of pheasants for $100.
kz8ybx6,Mediocre-Guarantee91,True,3,3,0,1712936565.0,/r/Hunting/comments/1c2a0xd/the_beginning_of_the_end/kz8ybx6/,t1_kz8xdmz,t3_1c2a0xd,3,r/Hunting,Farm raised?   Not for me.      I’m after the whole experience.   New place.  New scenery.   I just don’t really care for game Farms    Each of their own I guess
kzav57s,Tactical_Epunk,False,8,8,0,1712960303.0,/r/Hunting/comments/1c2a0xd/the_beginning_of_the_end/kzav57s/,t1_kz8ybx6,t3_1c2a0xd,4,r/Hunting,"Hate to be that guy, but those birds are farm raised too. They turn them out before the hunt. Not a single survival skill amongst them."
kz8yli1,1fuckedupveteran,False,5,5,0,1712936653.0,/r/Hunting/comments/1c2a0xd/the_beginning_of_the_end/kz8yli1/,t1_kz8ybx6,t3_1c2a0xd,4,r/Hunting,"Pay to play ain’t for me. I was saying for $100/person/day, I’d rather just buy pheasant from a farm. Besides, to get to that place, I’d pass thousands of acres of public pheasant hunting land."
kz90bxu,smiling_mallard,False,5,5,0,1712937227.0,/r/Hunting/comments/1c2a0xd/the_beginning_of_the_end/kz90bxu/,t1_kz8yli1,t3_1c2a0xd,5,r/Hunting,"Yup agree, pay to play isnt for me, I’d rather buy 100$ worth of pheasants and hunt shit public land than pay 100$ to hunt someone’s primo land for pheasants."
kzmjmu8,[deleted],False,-1,-1,0,1713149252.0,/r/Hunting/comments/1c2a0xd/the_beginning_of_the_end/kzmjmu8/,t1_kz90bxu,t3_1c2a0xd,6,r/Hunting,[deleted]
kzmlvlt,smiling_mallard,False,1,1,0,1713150307.0,/r/Hunting/comments/1c2a0xd/the_beginning_of_the_end/kzmlvlt/,t1_kzmjmu8,t3_1c2a0xd,7,r/Hunting,It’s a joke not a dick don’t take it so hard…
kzajy5i,Halfpipe_1,False,2,2,0,1712956160.0,/r/Hunting/comments/1c2a0xd/the_beginning_of_the_end/kzajy5i/,t1_kz8xdmz,t3_1c2a0xd,3,r/Hunting,"“A lot” of pheasants must be 3 for you. $27-30 per bird here in southern WI. 

I’d rather hunt public ground and not see a single bird than do a glorified clay pigeon hunt."
kzak384,1fuckedupveteran,False,3,3,0,1712956211.0,/r/Hunting/comments/1c2a0xd/the_beginning_of_the_end/kzak384/,t1_kzajy5i,t3_1c2a0xd,4,r/Hunting,"That’s not what I was talking about. I was saying buy farm raised birds to eat rather than waste money paying to hunt property. Or, better yet, just go hunt public land. Or my own, but that’s not an option for everyone."
kzvc0gp,TheGottVater,False,2,2,0,1713293224.0,/r/Hunting/comments/1c2a0xd/the_beginning_of_the_end/kzvc0gp/,t1_kz8vkjw,t3_1c2a0xd,1,r/Hunting,"It does get expensive but I look at it this way, the more expensive, the less likely it’s been overhunted and more likely you’ll bring something nice home to eat. You pay for entertainment, so why not pay for an experience of hunting private land less hunted. I’ve noticed pricing drastically varies by state…Carolina’s and the south has way cheaper hunts. Also bigger the property, more pricey. I’ve done $500 hunts and $100 hunts in different states. Both were beautiful. If someone set price at $100 for elk in Montana…so many people would go that there might not be any elk… that’s my take on it"
kz8nxjk,hbrnation,False,32,32,0,1712933065.0,/r/Hunting/comments/1c2a0xd/the_beginning_of_the_end/kz8nxjk/,t3_1c2a0xd,t3_1c2a0xd,0,r/Hunting,"I think it's pretty lame and is evidence of hunting going in the wrong direction lately. If we continue this direction, I envision hunting becoming a cost-prohibitive activity for many, more like how it works in a lot of European countries. Access to land will be tightly controlled, by either day-rentals like landtrust/airbnb for the casual hunter, or by long-term leases like much of the southeastern US. 

Hunters will, in my view, eventually fall into a couple different camps. One group owns their hunting land (farmers, ranchers, etc) and may never notice or care about the change. Another group has enough money that they just lease or buy up whatever they want, permanently, and also don't really notice or care. For the average hunter, I could see it becoming so expensive to access land that hunting becomes a novelty you can only rarely afford. This will obviously affect western hunters different than eastern hunters, with the huge difference in private vs public land ratios. 

Personally, I think most of hunting media has a vested interest in this happening. More hunters with less consistent experience means you can sell them more gear, more ""membership only"" instruction, more videos, more everything. A lot of pro/influencer hunters are part of these landtrust type orgs too, so they're definitely interested in selling you on ""public land is too hard, rent private access!"". 

Also, I'm interested in the airbnb comparison. I travel a lot for work and used airbnb extensively pretty early on. For awhile, it was great, and I think both parties got a great end result out of the arrangement. Then it got major capital investment and honestly, the experience deteriorated so much I rarely use it anymore. People specifically bought up properties just to airbnb them and it's causing issues in a ton of communities. I'd bet that the same thing will happen if this takes off for hunting: starts great, expands, turns to shit and everyone hates it, but it keeps on chugging and we can never go back. 

Check out r/HuntQuietly if you haven't already."
kz8q0p2,cobaltmagnet,False,13,13,0,1712933767.0,/r/Hunting/comments/1c2a0xd/the_beginning_of_the_end/kz8q0p2/,t1_kz8nxjk,t3_1c2a0xd,1,r/Hunting,You had me until you mentioned Hunt Quietly and their campaign to end hunting within our lifetimes by advocating against hunter recruitment.
kz8tcfr,Mediocre-Guarantee91,True,4,4,0,1712934895.0,/r/Hunting/comments/1c2a0xd/the_beginning_of_the_end/kz8tcfr/,t1_kz8q0p2,t3_1c2a0xd,2,r/Hunting,Can you elaborate more please?
kz8tnz8,cobaltmagnet,False,10,10,0,1712935003.0,/r/Hunting/comments/1c2a0xd/the_beginning_of_the_end/kz8tnz8/,t1_kz8tcfr,t3_1c2a0xd,3,r/Hunting,"Matt has made statements previously about not caring if hunting continues past this generation, and one of the early things Hunt quietly did was advocate against R3 and recruitment of new hunters."
kz91b64,Sn3akss,False,4,4,0,1712937548.0,/r/Hunting/comments/1c2a0xd/the_beginning_of_the_end/kz91b64/,t1_kz8tnz8,t3_1c2a0xd,4,r/Hunting,"R3 only benefits manufacturers in the hunting industry, not hunters. Matt may have said that quote about this generation, but it is definitely not something that he repeats regularly or at all anymore. A lot of his messaging was scattered at first, but he is much more dialed on his arguments now. They aren't trying to end hunting either, rather in fact save high quality unpaid hunting, and prevent it from all becoming pay to play. LANDTRUST is bad for hunters concerned with access to public lands. They actively get landowners to exit state access programs."
kzaamhr,WhistlingPintail,False,2,2,0,1712952880.0,/r/Hunting/comments/1c2a0xd/the_beginning_of_the_end/kzaamhr/,t1_kz91b64,t3_1c2a0xd,5,r/Hunting,Fuck LandTrust. Having more voices in support of hunting and wildlife is never a bad thing. Matt should shift his attention towards the industry (cough cough ONYX) and demand them to do better in promoting access and habitat preservation/rehabilitation. Matt and many of his HuntQuietly followers come off as gatekeepers of hunting.
kz8uco6,Mediocre-Guarantee91,True,2,2,0,1712935233.0,/r/Hunting/comments/1c2a0xd/the_beginning_of_the_end/kz8uco6/,t1_kz8tnz8,t3_1c2a0xd,4,r/Hunting,Ohhh understood.   I’m sure there’s people on here pertaining themselves as hunters only to distract and get people off track.
kz8vk2i,cowdog1776,False,0,0,0,1712935635.0,/r/Hunting/comments/1c2a0xd/the_beginning_of_the_end/kz8vk2i/,t1_kz8uco6,t3_1c2a0xd,5,r/Hunting,"I actually listen to the podcast the day it came out.   Both of them made some very strong points.   We have several enemies that we share with the farmers.     If Landtrust is willing to be the liaison between us and farmers, I am all for it."
kz8wi4e,Mediocre-Guarantee91,True,2,2,0,1712935953.0,/r/Hunting/comments/1c2a0xd/the_beginning_of_the_end/kz8wi4e/,t1_kz8vk2i,t3_1c2a0xd,6,r/Hunting,"I don’t think it’s out of the question that Landtrust is bridging the gap between farmers and Hunters   realistically, we probably should unite for the better"
kz95xww,hbrnation,False,2,2,0,1712939094.0,/r/Hunting/comments/1c2a0xd/the_beginning_of_the_end/kz95xww/,t1_kz8tnz8,t3_1c2a0xd,4,r/Hunting,"I won't speak for Matt, but advocating against R3 isn't necessarily saying ""no new hunters"". I've worked with agencies on R3 (recruitment, retention, reactivation) and it means dedicated funding, advertising, and providing opportunities with serious dollars behind it. I live in a western state where hunts are gradually shifting from over the counter to controlled, lottery, application only. If an agency is committing real budget dollars to a recruitment push, it is completely fair to ask ""where are we going to put these new hunters?"" 

I've brought plenty of new people hunting, and that kind of personal connection / mentoring is something that is always going to happen and I encourage it. To me, this is very different than a group of agencies/nonprofits/companies having a meeting, setting a recruitment goal, and committing real budgets to make it happen. 

If someone wants to genuinely move the needle on hunter numbers, we have to reckon with how that will change hunting. Especially when every poll says the number 1 issue facing hunters today (and preventing them from continuing or starting to hunt) is land access / overcrowding."
kzabk43,WhistlingPintail,False,4,4,0,1712953207.0,/r/Hunting/comments/1c2a0xd/the_beginning_of_the_end/kzabk43/,t1_kz95xww,t3_1c2a0xd,5,r/Hunting,"In my opinion, Matt has a legitimate criticism of dollars being used by state agencies/conservation organizations for R3. I don't agree his demonizing them however, especially conservation organizations. It'd make more sense to back hunting media who does it the ""right way"" and let them lead the charge for recruitment, freeing up R3 dollars to be used for wildlife habitat improvements and public land access acquisition."
kzbedqv,From_Adam,False,1,1,0,1712968088.0,/r/Hunting/comments/1c2a0xd/the_beginning_of_the_end/kzbedqv/,t1_kz8q0p2,t3_1c2a0xd,2,r/Hunting,This isn’t an inaccurate portrayal of what he’s saying.  He certainly is not trying to “end hunting within our lifetimes”. That’s absurd.
kz953s6,Not_Suggested,False,5,5,0,1712938814.0,/r/Hunting/comments/1c2a0xd/the_beginning_of_the_end/kz953s6/,t1_kz8nxjk,t3_1c2a0xd,1,r/Hunting,"Hunting has been split into those kinds of categories for years. That’s the reality of a practice tied to land ownership. It’s always been this way. If you’d come up hunting on public, you’d have experienced this from Day 1. If folks don’t realize that’s the case, they’re members of the sole category of folks are at risk of getting re-classified: people who’ve been lucky to freeload off of land they don’t own. In other words, welfare queens of hunting world complaining about losing free perks.

Sorry, but hunting private shouldn’t be an exclusive good ol’ boys club for people who live within 10 miles of the field and happen to know a guy. Nobody should be getting irritated that farmers are monetizing their land. That’s literally what farmers do for a living… make money off the land. It’s how they feed their families."
kz989j9,hbrnation,False,10,10,0,1712939875.0,/r/Hunting/comments/1c2a0xd/the_beginning_of_the_end/kz989j9/,t1_kz953s6,t3_1c2a0xd,2,r/Hunting,"Whoa there, I'm primarily a public land, national forest, state land, and BLM hunter. Always have been. 

I'll give you an example of one thing that might be going away though. In the PNW, industrial timber companies have historically given recreational access to hunters and mushroom pickers (noncommercial). If it's gated off, it's usually just walk-in access, which I've got no problems with. They were given these lands by the state in a lot of sweetheart deals, so we've got a checkerboard of complicated access that dates back to the creation of the state. In my view, access to these uninhabited lands by the public is a fair trade for the massive tax breaks they've gotten. I'm not talking 1k acres of family tree farm, I'm talking a million. Blocking these lands off often kills access to another million of state forest since it's a lot of checkerboard, alternating ownership. 

It's privately owned so sure, they have the right to charge access if they want to. But I don't have the same ""feed their family"" sympathy for an international conglomerate switching to leases. It would kill off a long tradition of broke dudes being able to get deer, elk, grouse, and chanterelles for their family by heading up into the coast range. Especially as timber companies have evolved into real estate investment companies, they manage money not timber quality these days."
kzc0zqa,badgerbirder6,False,3,3,0,1712977833.0,/r/Hunting/comments/1c2a0xd/the_beginning_of_the_end/kzc0zqa/,t1_kz989j9,t3_1c2a0xd,3,r/Hunting,Bingo
kze4m2s,immanut_67,False,2,2,0,1713021063.0,/r/Hunting/comments/1c2a0xd/the_beginning_of_the_end/kze4m2s/,t1_kz989j9,t3_1c2a0xd,3,r/Hunting,"In my state, a giant timber company known for charging access fees in other states bought out a different big timber company that allowed public access free of charge.  The new company was invited to a meeting with the Governor, where they were reminded of the tax breaks they would lose if they started charging the public to access their lands.

OP, straight and to the point.  FUCK pay to play, and ESPECIALLY FUCK landtrust."
kzcfahn,Electronic_Camera251,False,1,1,0,1712985395.0,/r/Hunting/comments/1c2a0xd/the_beginning_of_the_end/kzcfahn/,t1_kz989j9,t3_1c2a0xd,3,r/Hunting,"Yeah I think that the small farmers argument is a straw-man argument if they have land that’s worth a damn they are already leasing it . The simple fact is that these apps exist for one reason to enrich the people who own them to the detriment of everyone else who has through out taxes already invested in public land ,the lowered use will undoubtedly lead to less money invested in said public lands and everyone gets screwed except the very wealthy . And to the guy who said “welfare queens” you know that that was a made up and highly offensive term with heavy racial overtones you insensitive prick ! the only welfare queens I see these days are republican backed energy companies and republican backed mining operators and republican backed ranchers who demand free use of publicly held land for commercial purposes this truly limiting public hunting opportunities"
kz8rt0w,Mediocre-Guarantee91,True,1,1,0,1712934375.0,/r/Hunting/comments/1c2a0xd/the_beginning_of_the_end/kz8rt0w/,t1_kz8nxjk,t3_1c2a0xd,1,r/Hunting,I’ll check that out thank you
kza9eje,WhistlingPintail,False,1,1,0,1712952459.0,/r/Hunting/comments/1c2a0xd/the_beginning_of_the_end/kza9eje/,t1_kz8nxjk,t3_1c2a0xd,1,r/Hunting,"Matt has some good points but demonizing conservation organizations is terrible and doesn't help hunters or wildlife. Additionally their Instagram page is extremely unprofessional and focuses mainly on influencers (which tbf, a good amount deserve the hate). But it'd be nice to see more attention brought to the guiding/leasing side of hunting (like is mentioned on their website)."
kzb1ply,hbrnation,False,2,2,0,1712962905.0,/r/Hunting/comments/1c2a0xd/the_beginning_of_the_end/kzb1ply/,t1_kza9eje,t3_1c2a0xd,2,r/Hunting,"Yeah, agreed on the focus on influencers. I get wanting to call them out but getting into a social media catfight with them feels unprofessional and unproductive, at best."
kz9817g,tonyskyline1,False,3,3,0,1712939797.0,/r/Hunting/comments/1c2a0xd/the_beginning_of_the_end/kz9817g/,t3_1c2a0xd,t3_1c2a0xd,0,r/Hunting,People need to stop buying into this stuff for the greater good here.
kz8m1c5,Mediocre-Guarantee91,True,3,3,0,1712932413.0,/r/Hunting/comments/1c2a0xd/the_beginning_of_the_end/kz8m1c5/,t3_1c2a0xd,t3_1c2a0xd,0,r/Hunting,"The guy on the podcast made no reference of being a game farm.  in fact, I think he ran an actual farm “cattle deal”"
kzaqrwy,UTDTX,False,3,3,0,1712958645.0,/r/Hunting/comments/1c2a0xd/the_beginning_of_the_end/kzaqrwy/,t3_1c2a0xd,t3_1c2a0xd,0,r/Hunting,"I know the owner, he cares deeply about hunting and providing access to opportunity. 

Landtrust isn’t taking away any public land opportunity but are opening up (via creating a marketplace), more private land opportunities. This is an AND to hunting opportunity, not an OR. 

Yes you have to pay for access, but that’s no different than paying for an annual lease (which is what so many of us in non-western states have to settle with). But with the added benefit you can pay for day/weekend hunts in multiple places vs an entire year on one lease."
kz8mtg3,crazyonkazwell,False,5,5,0,1712932683.0,/r/Hunting/comments/1c2a0xd/the_beginning_of_the_end/kz8mtg3/,t3_1c2a0xd,t3_1c2a0xd,0,r/Hunting,"I’ve got my first landtrust hunt booked a few weeks from now. I applied but wasn’t drawn for public near me, so it’s my most reasonable option if I want to turkey hunt this spring. I’ll see how it goes but I’m also considering booking it again this fall for turkey/deer for my wife/daughter because it’s a more controlled environment than public. I’d love to have my own land and not have to do a short term lease via landtrust but with kids in daycare I don’t have time or money to make that happen."
kz96cem,crazyonkazwell,False,3,3,0,1712939229.0,/r/Hunting/comments/1c2a0xd/the_beginning_of_the_end/kz96cem/,t1_kz8mtg3,t3_1c2a0xd,1,r/Hunting,Curious about the downvotes. Against hunting? Against landtrust? Against me paying for land access for an OTC tag because public isn’t available to me? Against trying to control the environment to introduce my wife and kids to hunting?
kz8s1l8,Mediocre-Guarantee91,True,2,2,0,1712934456.0,/r/Hunting/comments/1c2a0xd/the_beginning_of_the_end/kz8s1l8/,t1_kz8mtg3,t3_1c2a0xd,1,r/Hunting,"If you don’t mind me asking, where did you book and was it painless?"
kz8w4wd,crazyonkazwell,False,4,4,0,1712935829.0,/r/Hunting/comments/1c2a0xd/the_beginning_of_the_end/kz8w4wd/,t1_kz8s1l8,t3_1c2a0xd,2,r/Hunting,"Like where is the property? Northern Indiana. Super easy to book, property owner was quick to respond and answer questions with some info about roosting areas, access, etc. 

I don’t want to come off as hypocritical or ‘rules for thee but not for me’, I think the pay to play works well for my case but I haven’t put much thought into using it for an out of state hunt, western hunt, or some other unique case. 

The odds and regulations vary so much between states and species, different states have different public land access, and people have such different expectations for their hunt."
kz8xv9t,cowdog1776,False,3,3,0,1712936412.0,/r/Hunting/comments/1c2a0xd/the_beginning_of_the_end/kz8xv9t/,t1_kz8w4wd,t3_1c2a0xd,3,r/Hunting,"I have booked several times with LT.  Turned out to be one of the most seamless and effortless things I have done in regards to Hunting.    I’m almost 100% certain I have hunted the farm that the guy on the podcast owns.   They called it Buckboard Livestock back then    I was not a believer until my first experience, and now I probably will never go back to doing it any other way     at some point someone asked about liability    to my knowledge LT carries the liability when you book through them    Something to doublecheck I could be wrong"
kz94gqo,crazyonkazwell,False,1,1,0,1712938598.0,/r/Hunting/comments/1c2a0xd/the_beginning_of_the_end/kz94gqo/,t1_kz8xv9t,t3_1c2a0xd,4,r/Hunting,"I think the liability pretty much dictates this is direction private access has to go. Someone tripping and hurting themselves, not knowing surroundings, hunting accident, damaging property, leaving a gate open… so many possibilities that the landowner needs to cover. Even if there is a relationship between land owner and hunter, too many lawsuits in society to take that risk"
kzaazsr,Yoda2000675,False,1,1,0,1712953008.0,/r/Hunting/comments/1c2a0xd/the_beginning_of_the_end/kzaazsr/,t1_kz8mtg3,t3_1c2a0xd,1,r/Hunting,"Yeah. Honestly the public land where I grew up is scary to hunt during gun season because it’s crammed full of people with shotguns. A lot of them are reckless and will shoot at movement through bushes.

So your only real options are to bow hunt or somehow find private land to hunt on."
kz8qti0,Dry-Network-1917,False,8,8,0,1712934038.0,/r/Hunting/comments/1c2a0xd/the_beginning_of_the_end/kz8qti0/,t3_1c2a0xd,t3_1c2a0xd,0,r/Hunting,"How is this the beginning of the end or any reason to be skeptical? People have been leasing out land for hunts for years. Frankly, sites like this are just making private land more accessible to folks that (a) don't have the cash to buy a whole season lease or join a club, or (b) don't know anyone who owns huntable land. And, remember, you can always go hunt public like the rest of us. 

I doubt that this is going to replace long-term hunting leases that hunting clubs rely on. At least in my experience, the kinds of large farm tracts that get block leased to hunting clubs aren't owned by folks who want strangers coming onto their property. They value having some kind of relationship with the guy that signs the lease and the ease dealing with one accountable person/group per year. I also doubt that it is going to replace all free permission hunting. For same reasons above, there are plenty of farmers who don't want lightly-accountable strangers on their land every weekend. 

This is really just highlighting how valuable access to private land is -- people who've had free handshake access their whole lives before it gets leased out have either taken it for granted, or at the very least not made it worth the farmer's while. Conversley, folks that cut their teeth on public land know how stupid valuable private land access can be and are willing to pay for it."
kz9l8mm,[deleted],False,1,1,0,1712944207.0,/r/Hunting/comments/1c2a0xd/the_beginning_of_the_end/kz9l8mm/,t1_kz8qti0,t3_1c2a0xd,1,r/Hunting,[deleted]
kzadakb,cowdog1776,False,1,1,0,1712953816.0,/r/Hunting/comments/1c2a0xd/the_beginning_of_the_end/kzadakb/,t1_kz9l8mm,t3_1c2a0xd,2,r/Hunting,"I don’t think the whole industry will ever go that way.   This is no different than renting a house for a weekend on Lake Michigan.    From what I understand.     Airbnb scenario.     Sure I can take my family to Lake Michigan to the public beach but once in a while, it’s nice to Airbnb a house there and have our private access to the lake."
kz8sl8v,Mediocre-Guarantee91,True,0,0,0,1712934640.0,/r/Hunting/comments/1c2a0xd/the_beginning_of_the_end/kz8sl8v/,t1_kz8qti0,t3_1c2a0xd,1,r/Hunting,Kind of in line with what the farmer said on the podcast
kz9igeg,[deleted],False,2,2,0,1712943270.0,/r/Hunting/comments/1c2a0xd/the_beginning_of_the_end/kz9igeg/,t3_1c2a0xd,t3_1c2a0xd,0,r/Hunting,Illinois is fucked though. With only around 4% of the land being public and less than that is even huntable. We’ve always hunted public sites in Illininois and we have to travel as far as possible
kzax44w,Tactical_Epunk,False,2,2,0,1712961074.0,/r/Hunting/comments/1c2a0xd/the_beginning_of_the_end/kzax44w/,t3_1c2a0xd,t3_1c2a0xd,0,r/Hunting,"So it takes almost no time to see that Nock On is in a partnership with LandTrust, so idk what that podcast was, but it sounds like, at least to me, that if all they talked about was LandTrust you listened to an advertisement the entire time. They literally describe themselves as an airBNB on their website. I have no clue on whether he believes in the company, but I'd hazard a guess that he's being paid and not necessarily because he likes the product. I've seen professional hunters sponsored by gun companies only to use the competitors' guns with the sponsors sticker.

As for paying to hunt, I don't advise it. Personally, you can find public land in abundance in most states, so why pay a farmer to do him a service."
kzbn7qi,Kwerby,False,2,2,0,1712971770.0,/r/Hunting/comments/1c2a0xd/the_beginning_of_the_end/kzbn7qi/,t3_1c2a0xd,t3_1c2a0xd,0,r/Hunting,Everything is going subscription based. You will own nothing and be happy.
kzbndf3,backwoodsman2,False,2,2,0,1712971837.0,/r/Hunting/comments/1c2a0xd/the_beginning_of_the_end/kzbndf3/,t3_1c2a0xd,t3_1c2a0xd,0,r/Hunting,It should be illegal to charge to hunt. This isn’t Europe. We are approaching a “kings deer” mentality. People already get mad if you shoot a deer they had on camera. I’d rather people didn’t allow hunters than charge for it.
kz8jofx,Certain_Childhood_67,False,2,2,0,1712931589.0,/r/Hunting/comments/1c2a0xd/the_beginning_of_the_end/kz8jofx/,t3_1c2a0xd,t3_1c2a0xd,0,r/Hunting,I have nothing against the concept of Landtrust.  I can see the appeal to be able to hunt different areas states.  But for me personally i would rather my money go into my own piece of property.    There is no better place to hunt than the one you own.
kz8kvop,Mediocre-Guarantee91,True,1,1,0,1712932009.0,/r/Hunting/comments/1c2a0xd/the_beginning_of_the_end/kz8kvop/,t1_kz8jofx,t3_1c2a0xd,1,r/Hunting,100%.  I just think it would be nice to have some of the legwork done and other states if I’m ever in a position to be able to hunt Arizona for example.    no doubt you could certainly set up a public land hunt   But good Lord does it take a lot of planning
kz8ljur,Certain_Childhood_67,False,2,2,0,1712932243.0,/r/Hunting/comments/1c2a0xd/the_beginning_of_the_end/kz8ljur/,t1_kz8kvop,t3_1c2a0xd,2,r/Hunting,Yeah if i was more into traveling hunting out west i would definitely entertain the idea.  But im on the east coast and primarily deer hunt.  So setting up my land is atleast half the fun for me.   I enjoy habitat work stand set ups etc.  so that takes some of the challenge fun away from me.    Only hunting im against is when the animal has an ear tag
kz8lqt2,Mediocre-Guarantee91,True,1,1,0,1712932310.0,/r/Hunting/comments/1c2a0xd/the_beginning_of_the_end/kz8lqt2/,t1_kz8ljur,t3_1c2a0xd,3,r/Hunting,"For sure.    To my knowledge, this isn’t a fenced hunt. It’s just an Airbnb, but I feel like I’m missing something."
kz8m7na,Certain_Childhood_67,False,1,1,0,1712932474.0,/r/Hunting/comments/1c2a0xd/the_beginning_of_the_end/kz8m7na/,t1_kz8lqt2,t3_1c2a0xd,4,r/Hunting,Im guessing the cost is probably pretty high for what your hunting.  Also could see some places hard to get on during prime season
kz8vfp0,[deleted],False,-1,-1,0,1712935594.0,/r/Hunting/comments/1c2a0xd/the_beginning_of_the_end/kz8vfp0/,t1_kz8ljur,t3_1c2a0xd,3,r/Hunting,So you're not a hunter lol
kz8syq7,Mediocre-Guarantee91,True,1,1,0,1712934766.0,/r/Hunting/comments/1c2a0xd/the_beginning_of_the_end/kz8syq7/,t3_1c2a0xd,t3_1c2a0xd,0,r/Hunting,I googled his name.  Adam Seward.  I’m going to get a hold of Landtrust and see if I can speak with him    I don’t think he’s paid and I am still optimistic that there are good people still around   Maybe he will give me the dirty if there is any if not I will give it a try
kz8vtuf,cowdog1776,False,1,1,0,1712935727.0,/r/Hunting/comments/1c2a0xd/the_beginning_of_the_end/kz8vtuf/,t3_1c2a0xd,t3_1c2a0xd,0,r/Hunting,"You are correct about his name, but I believe his operation is located in Iowa.  FYI if you’re trying to locate him with questions."
kz8wswe,Mediocre-Guarantee91,True,1,1,0,1712936053.0,/r/Hunting/comments/1c2a0xd/the_beginning_of_the_end/kz8wswe/,t1_kz8vtuf,t3_1c2a0xd,1,r/Hunting,Iowa.  Yes. Excuse me I screwed the states up.
kz9czmq,Mediocre-Guarantee91,True,1,1,0,1712941441.0,/r/Hunting/comments/1c2a0xd/the_beginning_of_the_end/kz9czmq/,t3_1c2a0xd,t3_1c2a0xd,0,r/Hunting,So I called out to Montana and spoke with a gentleman with the company.   He said he would gladly put me in contact with the gentleman from Iowa who did the podcast      I’m compiling a list of questions that I will have for him as to not waste his time or mine.    I’m actually leaning towards possibly booking a pheasant hunt.  Somewhat contingent off future conversation.   I will keep everyone posted.   Thank you for all the replies.
kzce0h9,Electronic_Camera251,False,1,1,0,1712984638.0,/r/Hunting/comments/1c2a0xd/the_beginning_of_the_end/kzce0h9/,t3_1c2a0xd,t3_1c2a0xd,0,r/Hunting,"This is exactly the kind of bullshit that the  the hunting industrial complex wants us to buy into it seems kinda like a republican conspiracy “we will litigate public lands out of existence buy them up on the cheap and sell these fools passes to hunt on their own land “ the constant perception of an arms race leads people to spend vast amounts of money , like it would have been news to my grandfather that in order to kill a big deer you need a full set of state of the art camouflage garments (he wore plaid and overalls sometimes occasionally his field jacket from ww2) or the latest flat shooting ultralight rifle (he often carried a vetterelli or a sporterized krag or when he was a kid a .22 short Winchester single shot) or the latest hunting load (see above) or scent blocking technology (he smoked cigars and ate giant Italian hero sandwiches). There are more deer in America today than there ever have been in history the simple fact is that folks need to get better at actually hunting. Not shooting deer from 500 yards using a thermal but honest to goodness actual field craft and not being afraid to take a chance hell the stakes are even a lot lower now than say during the depression"
kzcfx6z,Electronic_Camera251,False,1,1,0,1712985778.0,/r/Hunting/comments/1c2a0xd/the_beginning_of_the_end/kzcfx6z/,t3_1c2a0xd,t3_1c2a0xd,0,r/Hunting,This thread seems to be filled with land trust trolls who …to many personal connections as well as mentions of the service name to really buy any of this as well as a convoluted explanation of why this was posted as well as op continually asking leading questions…color me skeptical
kzvat7t,TheGottVater,False,1,1,0,1713292822.0,/r/Hunting/comments/1c2a0xd/the_beginning_of_the_end/kzvat7t/,t3_1c2a0xd,t3_1c2a0xd,0,r/Hunting,"You’re confusing me with your ask…Skeptical on renting private land from a platform? I use land trust every once in a while but why skeptical? Yes, it works and you have full communication with owner and you get to be the only party on the property when hunting. You have an option to hunt private land without knowing the owner or you can go hunt public. Simple no? No idea if they pay John Dudley, but doesn’t every channel get people to promote. He could also do it for free because I think LandTrust is also about conservation and keeping land the native habitat instead of selling it to developers or others that might level/log the land."
lraeato,[deleted],False,1,1,0,1728584088.0,/r/Hunting/comments/1c2a0xd/the_beginning_of_the_end/lraeato/,t3_1c2a0xd,t3_1c2a0xd,0,r/Hunting,Appreciate the post and the debate around LandTrust. Happy to answer any questions!
kz8pe50,bigtedkfan21,False,-1,-1,0,1712933556.0,/r/Hunting/comments/1c2a0xd/the_beginning_of_the_end/kz8pe50/,t3_1c2a0xd,t3_1c2a0xd,0,r/Hunting,In a capitalist system what motivates a land owner to give away for free what he could make some money on? Leasing is another way to make land pay dividends and as people get pinched financially they are going to do it.
kz8s5y9,Mediocre-Guarantee91,True,3,3,0,1712934496.0,/r/Hunting/comments/1c2a0xd/the_beginning_of_the_end/kz8s5y9/,t1_kz8pe50,t3_1c2a0xd,1,r/Hunting,I’m assuming farmers are looking for a secondary income source
kz95sn1,crazyonkazwell,False,2,2,0,1712939046.0,/r/Hunting/comments/1c2a0xd/the_beginning_of_the_end/kz95sn1/,t1_kz8s5y9,t3_1c2a0xd,2,r/Hunting,"Not just a revenue source, but a way to cover the liability and reach people interested in accessing your land."
kz8upn1,bigtedkfan21,False,0,0,0,1712935354.0,/r/Hunting/comments/1c2a0xd/the_beginning_of_the_end/kz8upn1/,t1_kz8s5y9,t3_1c2a0xd,2,r/Hunting,I mean if you don't do a profitable behavior and somebody else is willing too eventually you will get beat out in a capitalist system. It sucks but that's the way it works. I'd love to have free hunting personally.
kz8wbc9,Mediocre-Guarantee91,True,3,3,0,1712935890.0,/r/Hunting/comments/1c2a0xd/the_beginning_of_the_end/kz8wbc9/,t1_kz8upn1,t3_1c2a0xd,3,r/Hunting,The way it was explained to me. The farmers are not holding the animals captive they just happen to a farm that the animals feed on.  My question at this point would be who holds the liability.
kz99ehq,hbrnation,False,1,1,0,1712940255.0,/r/Hunting/comments/1c2a0xd/the_beginning_of_the_end/kz99ehq/,t1_kz8wbc9,t3_1c2a0xd,4,r/Hunting,"Liability, meaning if a hunter is injured on the property? 

I'm not a lawyer, but most states have a policy that specifically exempts landowners from liability if they provide free access to someone for hunting, fishing, walking, etc. The ones I've seen are specifically for noncommercial arrangements, so that landowners can feel comfortable letting someone have access. I believe the expectations change significantly once you start charging a fee."
kz9btvc,Mediocre-Guarantee91,True,1,1,0,1712941056.0,/r/Hunting/comments/1c2a0xd/the_beginning_of_the_end/kz9btvc/,t1_kz99ehq,t3_1c2a0xd,5,r/Hunting,"That may be the case.   if not, it’s nice to know that LT is offering insurance"
kz8idta,Mediocre-Guarantee91,True,0,0,0,1712931134.0,/r/Hunting/comments/1c2a0xd/the_beginning_of_the_end/kz8idta/,t3_1c2a0xd,t3_1c2a0xd,0,r/Hunting,https://nockon.podbean.com/e/pc-344-huntwise/
kza5nad,PutinBoomedMe,False,-1,-1,0,1712951167.0,/r/Hunting/comments/1c2a0xd/the_beginning_of_the_end/kza5nad/,t3_1c2a0xd,t3_1c2a0xd,0,r/Hunting,"I am beyond thankful I have my own 60 acres to hunt, and 5 minutes up the road I have another 125 acres that only 3 or 4 of us hunt.


I feel for the people who don't have their own land/access to private land and are stuck with shit like this, or public land if you're lucky enough to be in a state that advocates it"
